Phenotype	Category	Ancestry	p-value	Odds ratio	Model	No. cases	No. AA cases	No. AB cases	No. BB cases	Case AAF	Proportion AB or BB cases	Proportion BB cases	No. controls	No. AA controls	No. AB controls	No. BB controls	Control AAF	Proportion AB or BB controls	Proportion BB controls	Odds ratio LCI	Odds ratio UCI
130317#Source of report of B83 (Other helminthiases)	Chapter I Certain infectious and parasitic diseases	European	0.0058	0.6389	allelic	77	22	42	13	0.4416	0.714285714	0.168831169	368648	73751	181991	112906	0.5531	0.79994195	0.30627048	0.4648	0.8781
23074#H. pylori Definition II seropositivity for Helicobacter pylori	Chapter I Certain infectious and parasitic diseases	European	0.0064	1.0974	allelic	2625	480	1297	848	0.5701	0.817142857	0.323047619	5393	1095	2694	1604	0.5472	0.796959021	0.297422585	1.0268	1.1728
Union#B83#Other helminthiases	Chapter I Certain infectious and parasitic diseases	European	0.0058	0.6379	allelic	77	22	42	13	0.4416	0.714285714	0.168831169	238672	47714	117713	73245	0.5535	0.800085473	0.3068856	0.4641	0.8768
Union#B954#Other streptococcus as the cause of diseases classified to other chapters	Chapter I Certain infectious and parasitic diseases	European	0.0095	0.9085	allelic	1484	310	776	398	0.5296	0.791105121	0.26819407	216870	43454	106770	66646	0.5535	0.799631115	0.307308526	0.8451	0.9766
20001#1037#female genital tract cancer	Chapter II Neoplasms	European	0.0067	0.9486	allelic	5454	1143	2731	1580	0.5401	0.790429043	0.289695636	214278	42866	105771	65641	0.5531	0.799951465	0.306335695	0.9131	0.9855
20001#1041#cervical cancer	Chapter II Neoplasms	European	0.0008683	0.9219	allelic	3454	745	1736	973	0.533	0.784308049	0.281702374	214323	42867	105798	65658	0.5532	0.799988802	0.306350695	0.879	0.9669
20001#1045#testicular cancer	Chapter II Neoplasms	European	0.0036	1.1595	allelic	806	144	372	290	0.5906	0.82133995	0.359801489	194729	38808	95937	59984	0.5544	0.80070765	0.308038351	1.0497	1.2808
20002#1560#breast fibroadenoma	Chapter II Neoplasms	European	0.009	0.7531	allelic	171	46	85	40	0.4825	0.730994152	0.233918129	214199	42848	105734	65617	0.5531	0.799961718	0.306336631	0.6091	0.9311
40002#Block C64-C68#C64-C68 Malignant neoplasms of urinary tract	Chapter II Neoplasms	European	0.0039	1.3371	allelic	212	22	115	75	0.625	0.896226415	0.353773585	200908	39964	98939	62005	0.5549	0.801083083	0.308623848	1.0984	1.6278
40006#C09#Malignant neoplasm of tonsil	Chapter II Neoplasms	European	0.007	1.2262	allelic	372	63	169	140	0.6035	0.830645161	0.376344086	217417	43479	107052	66886	0.5538	0.800020238	0.307639237	1.0585	1.4204
40006#C53#Malignant neoplasm of cervix uteri	Chapter II Neoplasms	European	0.0036	0.8368	allelic	541	129	274	138	0.5083	0.76155268	0.255083179	185784	37252	91714	56818	0.5527	0.799487577	0.305828274	0.7427	0.9429
40006#C539#Malignant neoplasm: Cervix uteri unspecified	Chapter II Neoplasms	European	0.0011	0.7982	allelic	429	109	214	106	0.4965	0.745920746	0.247086247	185784	37252	91714	56818	0.5527	0.799487577	0.305828274	0.6981	0.9126
40006#C62#Malignant neoplasm of testis	Chapter II Neoplasms	European	0.0087	1.1719	allelic	571	104	256	211	0.5937	0.817863398	0.369527145	155632	30997	76537	48098	0.5549	0.800831449	0.309049553	1.0411	1.3191
40006#C629#Malignant neoplasm: Testis unspecified	Chapter II Neoplasms	European	0.0068	1.2041	allelic	444	82	191	171	0.6002	0.815315315	0.385135135	155632	30997	76537	48098	0.5549	0.800831449	0.309049553	1.0526	1.3774
40006#C65#Malignant neoplasm of renal pelvis	Chapter II Neoplasms	European	0.0028	0.695	allelic	136	42	62	32	0.4632	0.691176471	0.235294118	264567	52802	130429	81336	0.5539	0.800421065	0.307430632	0.5476	0.8821
40006#C712#Malignant neoplasm: Temporal lobe	Chapter II Neoplasms	European	0.0088	0.7827	allelic	232	62	111	59	0.4935	0.732758621	0.254310345	235990	47030	116178	72782	0.5546	0.800711895	0.308411373	0.6524	0.939
40006#D01#Carcinoma in situ of other and unspecified digestive organs	Chapter II Neoplasms	European	0.0033	1.1623	allelic	792	124	400	268	0.5909	0.843434343	0.338383838	260365	51980	128225	80160	0.5541	0.800357191	0.307875482	1.0514	1.285
40006#D010#Carcinoma in situ: Colon	Chapter II Neoplasms	European	0.0028	1.2387	allelic	411	57	210	144	0.6058	0.861313869	0.350364964	258540	51747	127260	79533	0.5537	0.799849153	0.307623579	1.0769	1.4249
40011#8097#Basal cell carcinoma| nodular	Chapter II Neoplasms	European	0.0001161	1.1588	allelic	1409	243	671	495	0.5894	0.82753726	0.351312988	381328	76177	188288	116863	0.5533	0.800232346	0.306463202	1.0749	1.2493
40011#8263#Adenocarcinoma in tubulovillous adenoma	Chapter II Neoplasms	European	0.0079	1.1398	allelic	855	145	418	292	0.586	0.830409357	0.341520468	342602	68330	169013	105259	0.5539	0.800555747	0.30723405	1.0351	1.2551
40011#9961#Myelosclerosis with myeloid metaplasia	Chapter II Neoplasms	European	0.0032	1.864	allelic	53	7	18	28	0.6981	0.867924528	0.528301887	459052	91672	226418	140962	0.5537	0.800301491	0.307071966	1.2313	2.822
41202#C23#Malignant neoplasm of gallbladder	Chapter II Neoplasms	European	0.0038	1.4216	allelic	145	21	63	61	0.6379	0.855172414	0.420689655	241622	48294	119209	74119	0.5534	0.800125816	0.306756007	1.1188	1.8064
41202#C62#Malignant neoplasm of testis	Chapter II Neoplasms	European	0.0048	1.2552	allelic	322	54	143	125	0.6102	0.832298137	0.388198758	146568	29154	72123	45291	0.555	0.801088914	0.309010152	1.0711	1.4708
41202#C629#Malignant neoplasm: Testis unspecified	Chapter II Neoplasms	European	0.009	1.2448	allelic	305	52	135	118	0.6082	0.829508197	0.386885246	146593	29172	72135	45286	0.555	0.801000048	0.308923346	1.0579	1.4648
41202#C712#Malignant neoplasm: Temporal lobe	Chapter II Neoplasms	European	0.003	0.7727	allelic	266	68	135	63	0.4906	0.744360902	0.236842105	220828	44001	108598	68229	0.5549	0.800745376	0.308968971	0.6518	0.9159
41202#D400#Neoplasm of uncertain or unknown behaviour: Prostate	Chapter II Neoplasms	European	0.0011	0.5755	allelic	73	23	39	11	0.4178	0.684931507	0.150684932	146114	29074	71908	45132	0.555	0.801018383	0.308882106	0.4142	0.7997
Union#Block C51-C58#C51-C58 Malignant neoplasms of female genital organs	Chapter II Neoplasms	European	0.0009548	0.9517	allelic	9568	1988	4805	2775	0.5411	0.79222408	0.290029264	143420	28634	70835	43951	0.5534	0.800348626	0.306449589	0.9241	0.98
Union#C001#Malignant neoplasm: External lower lip	Chapter II Neoplasms	European	0.0084	0.5662	allelic	46	16	22	8	0.413	0.652173913	0.173913043	273570	54551	134836	84183	0.5542	0.800595826	0.307720145	0.3738	0.8574
Union#C433#Malignant neoplasm: Malignant melanoma of other and unspecified parts of face	Chapter II Neoplasms	European	0.0021	0.8367	allelic	603	145	301	157	0.51	0.759535655	0.260364842	240681	48033	118473	74175	0.5543	0.800428783	0.308188017	0.7473	0.9368
Union#C435#Malignant neoplasm: Malignant melanoma of trunk	Chapter II Neoplasms	European	0.0097	1.0868	allelic	2004	352	1001	651	0.5746	0.824351297	0.324850299	201213	40092	99242	61879	0.5541	0.800748461	0.307529832	1.0205	1.1574
Union#C53#Malignant neoplasm of cervix uteri	Chapter II Neoplasms	European	0.0007974	0.9272	allelic	4079	875	2046	1158	0.5347	0.785486639	0.283893111	143340	28611	70799	43930	0.5534	0.800397656	0.306474117	0.8872	0.969
Union#C62#Malignant neoplasm of testis	Chapter II Neoplasms	European	0.0039	1.1459	allelic	940	171	432	337	0.5883	0.818085106	0.358510638	130439	25976	64148	40315	0.555	0.800857106	0.309071673	1.045	1.2565
Union#C712#Malignant neoplasm: Temporal lobe	Chapter II Neoplasms	European	0.0027	0.7888	allelic	325	83	162	80	0.4954	0.744615385	0.246153846	200697	40043	98746	61908	0.5545	0.800480326	0.308464999	0.6763	0.92
Union#D400#Neoplasm of uncertain or unknown behaviour: Prostate	Chapter II Neoplasms	European	0.0082	0.6884	allelic	105	27	59	19	0.4619	0.742857143	0.180952381	130300	25950	64077	40273	0.555	0.800844206	0.309079048	0.5248	0.903
130623#Source of report of D50 (Iron deficiency anaemia)	Chapter III Diseases of the blood and blood-forming organs and certain disorders involving the immune mechanism	European	0.0022	0.9739	allelic	29085	5974	14378	8733	0.5474	0.794602029	0.300257865	368186	73339	181757	113090	0.554	0.800809917	0.307154536	0.9575	0.9905
130649#Source of report of D64 (Other anaemias)	Chapter III Diseases of the blood and blood-forming organs and certain disorders involving the immune mechanism	European	0.0011	0.9733	allelic	31605	6448	15703	9454	0.5476	0.795981648	0.299129885	408137	81300	201244	125593	0.5543	0.800802182	0.307722652	0.9576	0.9892
41202#Block D50-D53#D50-D53 Nutritional anaemias	Chapter III Diseases of the blood and blood-forming organs and certain disorders involving the immune mechanism	European	0.0033	0.962	allelic	11982	2505	5906	3571	0.5445	0.790936405	0.298030379	401151	79917	197935	123299	0.5541	0.800780753	0.307363063	0.9375	0.9872
41202#Chapter III#Chapter III Diseases of the blood and blood-forming organs and certain disorders involving the immune mechanism	Chapter III Diseases of the blood and blood-forming organs and certain disorders involving the immune mechanism	European	0.0059	0.9748	allelic	24888	5129	12253	7506	0.5478	0.793916747	0.301591128	422893	84272	208611	130010	0.5541	0.800725006	0.307430012	0.9572	0.9926
41202#D50#Iron deficiency anaemia	Chapter III Diseases of the blood and blood-forming organs and certain disorders involving the immune mechanism	European	0.0027	0.9609	allelic	11719	2449	5793	3477	0.5439	0.791023125	0.29669767	399748	79738	197300	122710	0.5537	0.800529333	0.30696839	0.9361	0.9862
41202#D509#Iron deficiency anaemia unspecified	Chapter III Diseases of the blood and blood-forming organs and certain disorders involving the immune mechanism	European	0.0001743	0.9451	allelic	9111	1932	4515	2664	0.5402	0.787948634	0.29239381	394254	78576	194390	121288	0.5542	0.800697013	0.307639238	0.9176	0.9733
41202#D64#Other anaemias	Chapter III Diseases of the blood and blood-forming organs and certain disorders involving the immune mechanism	European	0.0089	0.9632	allelic	10075	2079	5015	2981	0.5448	0.793647643	0.295880893	434217	86550	214183	133484	0.554	0.800675699	0.307413114	0.9366	0.9906
41202#D649#Anaemia unspecified	Chapter III Diseases of the blood and blood-forming organs and certain disorders involving the immune mechanism	European	0.0072	0.9622	allelic	10033	2076	4988	2969	0.5445	0.793082827	0.295923453	434217	86550	214183	133484	0.554	0.800675699	0.307413114	0.9355	0.9896
Union#Block D50-D53#D50-D53 Nutritional anaemias	Chapter III Diseases of the blood and blood-forming organs and certain disorders involving the immune mechanism	European	0.0069	0.9745	allelic	23731	4869	11731	7131	0.5477	0.794825334	0.300493026	335091	66870	165135	103086	0.554	0.800442268	0.307635836	0.9565	0.9929
Union#Block D60-D64#D60-D64 Aplastic and other anaemias	Chapter III Diseases of the blood and blood-forming organs and certain disorders involving the immune mechanism	European	0.0057	0.9766	allelic	29878	6083	14834	8961	0.5482	0.796405382	0.299919673	353415	70522	174184	108709	0.554	0.800455555	0.307595886	0.9603	0.9931
Union#D50#Iron deficiency anaemia	Chapter III Diseases of the blood and blood-forming organs and certain disorders involving the immune mechanism	European	0.0051	0.9759	allelic	29199	5985	14449	8765	0.5476	0.795027227	0.300181513	303024	60531	149454	93039	0.5536	0.800243545	0.307035086	0.9594	0.9927
Union#D509#Iron deficiency anaemia unspecified	Chapter III Diseases of the blood and blood-forming organs and certain disorders involving the immune mechanism	European	0.00006069	0.9561	allelic	16950	3547	8399	5004	0.543	0.790737463	0.295221239	331631	66153	163442	102036	0.5541	0.800522267	0.307679318	0.9354	0.9773
Union#D64#Other anaemias	Chapter III Diseases of the blood and blood-forming organs and certain disorders involving the immune mechanism	European	0.0019	0.9752	allelic	34433	7029	17087	10317	0.5477	0.795864432	0.299625359	324500	64728	160029	99743	0.554	0.800530046	0.307374422	0.96	0.9907
Union#D649#Anaemia unspecified	Chapter III Diseases of the blood and blood-forming organs and certain disorders involving the immune mechanism	European	0.0032	0.9742	allelic	27869	5690	13834	8345	0.5476	0.795830493	0.29943665	350915	70005	172939	107971	0.5541	0.800507245	0.307684197	0.9575	0.9913
130697#Source of report of E03 (Other hypothyroidism)	Chapter IV Endocrine nutritional and metabolic diseases	European	1.40E-08	1.0459	allelic	36881	7026	18183	11672	0.563	0.809495404	0.316477319	272613	54829	134647	83137	0.5519	0.798876062	0.304963446	1.0298	1.0622
130699#Source of report of E04 (Other nontoxic goitre)	Chapter IV Endocrine nutritional and metabolic diseases	European	0.0000164	0.918	allelic	5197	1154	2555	1488	0.5321	0.777948817	0.28631903	295939	59294	145770	90875	0.5534	0.799641142	0.307073417	0.883	0.9544
130793#Source of report of E66 (Obesity)	Chapter IV Endocrine nutritional and metabolic diseases	European	0.0006252	0.9768	allelic	48051	9802	23785	14464	0.5485	0.796008408	0.301013506	399433	79566	196906	122961	0.5543	0.800802638	0.307838862	0.9637	0.99
20002#1224#thyroid problem (not cancer)	Chapter IV Endocrine nutritional and metabolic diseases	European	0.0005664	1.0322	allelic	26768	5194	13129	8445	0.5607	0.805962343	0.315488643	232893	46701	114849	71343	0.5529	0.799474437	0.30633381	1.0138	1.051
20002#1226#hypothyroidism|myxoedema	Chapter IV Endocrine nutritional and metabolic diseases	European	5.94E-06	1.0463	allelic	22351	4239	11003	7109	0.5642	0.810344056	0.318061832	231745	46436	114285	71024	0.553	0.799624587	0.306474789	1.026	1.067
40002#E14#Unspecified diabetes mellitus	Chapter IV Endocrine nutritional and metabolic diseases	European	0.0005271	0.8548	allelic	990	224	511	255	0.5157	0.773737374	0.257575758	280158	55765	138006	86387	0.5547	0.800951606	0.308351002	0.7826	0.9338
40002#E149#Unspecified diabetes mellitus Without complications	Chapter IV Endocrine nutritional and metabolic diseases	European	0.0001731	0.8396	allelic	934	214	486	234	0.5107	0.770877944	0.250535332	279970	55825	137970	86175	0.5542	0.800603636	0.307800836	0.7667	0.9195
Union#Block E65-E68#E65-E68 Obesity and other hyperalimentation	Chapter IV Endocrine nutritional and metabolic diseases	European	0.00034	0.9717	allelic	36349	7495	17917	10937	0.5473	0.793804506	0.300888608	239737	47721	118193	73823	0.5544	0.800944368	0.307933277	0.9566	0.9871
Union#E03#Other hypothyroidism	Chapter IV Endocrine nutritional and metabolic diseases	European	2.32E-06	1.0393	allelic	36914	7031	18202	11681	0.563	0.80953026	0.316438208	174676	34876	86243	53557	0.5535	0.800338913	0.306607662	1.0228	1.0561
Union#E039#Hypothyroidism unspecified	Chapter IV Endocrine nutritional and metabolic diseases	European	0.0011	1.0302	allelic	28255	5444	13926	8885	0.5609	0.807326137	0.314457618	176850	35267	87378	54205	0.5535	0.800582414	0.306502686	1.012	1.0488
Union#E04#Other nontoxic goitre	Chapter IV Endocrine nutritional and metabolic diseases	European	0.00001904	0.9181	allelic	5198	1154	2555	1489	0.5322	0.777991535	0.286456329	169969	33962	83881	52126	0.5534	0.800187093	0.306679453	0.8829	0.9547
Union#E040#Nontoxic diffuse goitre	Chapter IV Endocrine nutritional and metabolic diseases	European	0.0063	0.6413	allelic	79	25	38	16	0.443	0.683544304	0.202531646	173487	34529	85820	53138	0.5536	0.800970678	0.306293843	0.4685	0.8779
Union#E042#Nontoxic multinodular goitre	Chapter IV Endocrine nutritional and metabolic diseases	European	0.0084	0.8992	allelic	1261	283	627	351	0.527	0.775574941	0.278350515	170711	34125	84248	52338	0.5533	0.800100755	0.306588328	0.8314	0.9726
Union#E07#Other disorders of thyroid	Chapter IV Endocrine nutritional and metabolic diseases	European	0.0007923	1.0315	allelic	27614	5364	13543	8707	0.5605	0.805750706	0.315311074	166344	33360	82036	50948	0.5529	0.799451739	0.30628096	1.013	1.0504
Union#E142#Unspecified diabetes mellitus With renal complications	Chapter IV Endocrine nutritional and metabolic diseases	European	0.01	1.4848	allelic	94	13	40	41	0.6489	0.861702128	0.436170213	170103	33842	83861	52400	0.5545	0.801049952	0.308048653	1.1005	2.0034
Union#E221#Hyperprolactinaemia	Chapter IV Endocrine nutritional and metabolic diseases	European	0.0088	1.3689	allelic	150	24	63	63	0.63	0.84	0.42	200779	39897	99165	61717	0.5543	0.801288979	0.307387725	1.0828	1.7306
Union#E348#Other specified endocrine disorders	Chapter IV Endocrine nutritional and metabolic diseases	European	0.0007212	0.5282	allelic	58	20	30	8	0.3966	0.655172414	0.137931034	252742	50298	124662	77782	0.5544	0.800990734	0.30775257	0.3641	0.7663
Union#E66#Obesity	Chapter IV Endocrine nutritional and metabolic diseases	European	0.000461	0.9754	allelic	48051	9802	23785	14464	0.5485	0.796008408	0.301013506	238975	47503	117839	73633	0.5547	0.801221885	0.308120096	0.9619	0.9891
Union#E669#Obesity unspecified	Chapter IV Endocrine nutritional and metabolic diseases	European	0.0001539	0.9694	allelic	34225	7070	16878	10277	0.5469	0.793425858	0.300277575	235959	46977	116261	72721	0.5546	0.800910328	0.308193373	0.9539	0.9851
130849#Source of report of F06 (Other mental disorders due to brain damage and dysfunction and to physical disease)	Chapter V Mental and behavioural disorders	European	0.0048	1.1091	allelic	1536	279	735	522	0.5791	0.818359375	0.33984375	379266	75742	187059	116465	0.5537	0.800293198	0.307079991	1.0322	1.1916
41202#F067#Mild cognitive disorder	Chapter V Mental and behavioural disorders	European	0.0009157	1.7367	allelic	82	7	38	37	0.6829	0.914634146	0.451219512	449951	89902	221907	138142	0.5536	0.800196021	0.307015653	1.2499	2.4132
Union#F06#Other mental disorders due to brain damage and dysfunction and to physical disease	Chapter V Mental and behavioural disorders	European	0.0038	1.1122	allelic	1536	279	735	522	0.5791	0.818359375	0.33984375	227991	45656	112517	69818	0.553	0.799746481	0.306231386	1.0351	1.1951
120003#Ever had carpal tunnel syndrome	Chapter VI Diseases of the nervous system	European	0.0059	0.9652	allelic	13678	2834	6766	4078	0.5455	0.792805966	0.298143003	114103	22783	56158	35162	0.5542	0.800329527	0.308160171	0.9412	0.9898
Union#G56#Mononeuropathies of upper limb	Chapter VI Diseases of the nervous system	European	0.0052	0.9734	allelic	23872	4868	11855	7149	0.5478	0.796079088	0.299472185	237234	47238	116922	73074	0.5545	0.800880144	0.308024988	0.9551	0.992
131129#Source of report of H00 (Hordeolum and chalazion)	Chapter VII Diseases of the eye and adnexa	European	0.0085	0.9656	allelic	11713	2454	5745	3514	0.5452	0.7904892	0.300008538	447392	89225	220691	137476	0.5539	0.800566394	0.307283098	0.9407	0.991
20002#1281#retinal detachment	Chapter VII Diseases of the eye and adnexa	European	0.0073	0.9066	allelic	1524	338	757	429	0.5299	0.778215223	0.281496063	338760	67473	167090	104197	0.5542	0.800823592	0.30758354	0.8442	0.9735
41202#H520#Hypermetropia	Chapter VII Diseases of the eye and adnexa	European	0.0086	0.6498	allelic	75	25	33	17	0.4467	0.666666667	0.226666667	379256	75615	187040	116601	0.554	0.800622798	0.307446685	0.4709	0.8966
Union#H00#Hordeolum and chalazion	Chapter VII Diseases of the eye and adnexa	European	0.0026	0.9604	allelic	11713	2454	5745	3514	0.5452	0.7904892	0.300008538	274105	54297	135230	84578	0.5552	0.801911676	0.308560588	0.9355	0.986
Union#H35#Other retinal disorders	Chapter VII Diseases of the eye and adnexa	European	0.002	0.9674	allelic	18974	3918	9365	5691	0.5467	0.793506904	0.299936756	272480	54079	134397	84004	0.5549	0.801530388	0.308294187	0.9474	0.9879
Union#H403#Glaucoma secondary to eye trauma	Chapter VII Diseases of the eye and adnexa	European	0.0054	1.9304	allelic	41	2	20	19	0.7073	0.951219512	0.463414634	175825	34727	86702	54396	0.5559	0.802491113	0.3093758	1.1996	3.1064
Union#H445#Degenerated conditions of globe	Chapter VII Diseases of the eye and adnexa	European	0.006	0.5297	allelic	39	15	17	7	0.3974	0.615384615	0.179487179	207388	41183	102370	63835	0.5546	0.801420526	0.307804695	0.3365	0.8336
Union#H53#Visual disturbances	Chapter VII Diseases of the eye and adnexa	European	0.0097	0.9677	allelic	13129	2694	6512	3923	0.5468	0.794805393	0.298804174	282703	56070	139505	87128	0.5549	0.801664645	0.308196234	0.9439	0.992
131225#Source of report of H61 (Other disorders of external ear)	Chapter VIII Diseases of the ear and mastoid process	European	5.78E-08	0.9537	allelic	28562	6018	14070	8474	0.543	0.789300469	0.296687907	361119	71822	177945	111352	0.5547	0.801112653	0.308352648	0.9375	0.9701
41202#H659#Nonsuppurative otitis media unspecified	Chapter VIII Diseases of the ear and mastoid process	European	0.0069	1.2107	allelic	423	62	214	147	0.6005	0.853427896	0.34751773	381457	76044	188293	117120	0.5538	0.800648566	0.307033296	1.055	1.3894
41202#H748#Other specified disorders of middle ear and mastoid	Chapter VIII Diseases of the ear and mastoid process	European	0.0057	0.6531	allelic	86	28	39	19	0.4477	0.674418605	0.220930233	449497	89740	221673	138084	0.5538	0.800354619	0.307196711	0.4836	0.8821
Union#H61#Other disorders of external ear	Chapter VIII Diseases of the ear and mastoid process	European	1.02E-06	0.9564	allelic	28562	6018	14070	8474	0.543	0.789300469	0.296687907	159868	31930	78728	49210	0.554	0.800272725	0.307816449	0.9394	0.9736
131287#Source of report of I10 (Essential (primary) hypertension) hypertension)	Chapter IX Diseases of the circulatory system	European	1.68E-07	0.9766	allelic	183143	37213	90312	55618	0.5502	0.796809051	0.303686191	215962	42596	106543	66823	0.5561	0.802761597	0.309420176	0.968	0.9853
131311#Source of report of I27 (Other pulmonary heart diseases)	Chapter IX Diseases of the circulatory system	European	0.0043	0.929	allelic	3057	681	1478	898	0.5355	0.777232581	0.293752044	391470	78233	192921	120316	0.5537	0.800155823	0.307344113	0.8833	0.9771
131327#Source of report of I36 (Nonrheumatic tricuspid valve disorders)	Chapter IX Diseases of the circulatory system	European	0.0074	0.8629	allelic	666	146	351	169	0.5173	0.780780781	0.253753754	387999	77411	191321	119267	0.5539	0.800486599	0.307389967	0.7749	0.9609
131361#Source of report of I60 (Subarachnoid haemorrhage)	Chapter IX Diseases of the circulatory system	European	0.0017	1.1086	allelic	1912	350	911	651	0.5787	0.816945607	0.340481172	404663	80850	199758	124055	0.5534	0.80020412	0.306563733	1.0396	1.1823
131381#Source of report of I70 (Atherosclerosis)	Chapter IX Diseases of the circulatory system	European	0.00001536	0.9078	allelic	4087	922	1997	1168	0.5301	0.774406655	0.285784194	308193	61458	151932	94803	0.5541	0.800585996	0.307609193	0.869	0.9484
131403#Source of report of I83 (Varicose veins of lower extremities)	Chapter IX Diseases of the circulatory system	European	0.00003596	0.9615	allelic	23772	4911	11836	7025	0.5445	0.793412418	0.295515733	380257	75699	187648	116910	0.5542	0.800926742	0.307449961	0.9438	0.9795
20002#1065#hypertension	Chapter IX Diseases of the circulatory system	European	5.46E-10	0.9697	allelic	122143	25011	60320	36812	0.5483	0.795231818	0.301384443	251604	49688	124089	77827	0.5559	0.802515063	0.309323381	0.9603	0.9792
20002#1068#venous thromboembolic disease	Chapter IX Diseases of the circulatory system	European	0.0026	0.9607	allelic	11817	2410	5927	3480	0.5453	0.796056529	0.294490988	298389	59153	147138	92098	0.5552	0.801758778	0.308650788	0.9359	0.9861
20002#1094#deep venous thrombosis (dvt)	Chapter IX Diseases of the circulatory system	European	0.009	0.9614	allelic	9210	1897	4573	2740	0.5458	0.79402823	0.297502714	296119	58645	145959	91515	0.5555	0.80195462	0.309048052	0.9335	0.9902
20002#1587#aortic regurgitation | incompetence	Chapter IX Diseases of the circulatory system	European	0.0051	0.652	allelic	89	26	46	17	0.4494	0.707865169	0.191011236	233204	46142	114816	72246	0.556	0.8021389	0.309797431	0.4852	0.876
20002#4#cardiovascular	Chapter IX Diseases of the circulatory system	European	8.76E-07	0.9779	allelic	167650	34004	82750	50896	0.5504	0.797172681	0.303584849	236108	46694	116322	73092	0.5559	0.802234571	0.309570197	0.9692	0.9866
41202#Block I70-I79#I70-I79 Diseases of arteries arterioles and capillaries	Chapter IX Diseases of the circulatory system	European	0.0046	0.9516	allelic	6816	1402	3425	1989	0.5431	0.794307512	0.29181338	220017	43635	108394	67988	0.5553	0.801674416	0.309012485	0.9196	0.9847
41202#I25#Chronic ischaemic heart disease	Chapter IX Diseases of the circulatory system	European	0.0056	0.9742	allelic	25462	5239	12504	7719	0.5487	0.7942424	0.303157647	200772	39761	99095	61916	0.5552	0.801959437	0.308389616	0.9563	0.9924
41202#I251#Atherosclerotic heart disease	Chapter IX Diseases of the circulatory system	European	0.007	0.974	allelic	23766	4924	11632	7210	0.5481	0.792813263	0.303374569	197862	39355	97542	60965	0.5546	0.801098746	0.30811879	0.9556	0.9928
41202#I480#Paroxysmal atrial fibrillation	Chapter IX Diseases of the circulatory system	European	0.0066	0.9286	allelic	2744	585	1377	782	0.5359	0.78680758	0.284985423	288751	57546	142323	88882	0.5543	0.800707184	0.307815384	0.8804	0.9794
41202#I60#Subarachnoid haemorrhage	Chapter IX Diseases of the circulatory system	European	0.0052	1.1183	allelic	1293	230	623	440	0.5812	0.822119103	0.34029389	317827	63450	156753	97624	0.5538	0.800363091	0.307160814	1.0341	1.2094
41202#I70#Atherosclerosis	Chapter IX Diseases of the circulatory system	European	0.0023	0.8968	allelic	1592	353	794	445	0.5289	0.778266332	0.279522613	207090	40807	102318	63965	0.5559	0.802950408	0.308875368	0.8363	0.9617
41202#I7020#Atherosclerosis of arteries of extremities without gangrene	Chapter IX Diseases of the circulatory system	European	0.0075	0.8743	allelic	799	181	403	215	0.5213	0.773466834	0.269086358	205444	40863	101258	63323	0.5547	0.801099083	0.308225112	0.7924	0.9646
41202#I74#Arterial embolism and thrombosis	Chapter IX Diseases of the circulatory system	European	0.0057	0.8893	allelic	1124	245	576	303	0.5258	0.78202847	0.269572954	213681	42430	105345	65906	0.5549	0.801432977	0.308431728	0.8185	0.9663
41202#I800#Phlebitis and thrombophlebitis of superficial vessels of lower extremities	Chapter IX Diseases of the circulatory system	European	0.0085	0.8557	allelic	580	137	288	155	0.5155	0.763793103	0.267241379	299291	59639	147530	92122	0.5543	0.800732398	0.307800769	0.7625	0.9602
41202#I83#Varicose veins of lower extremities	Chapter IX Diseases of the circulatory system	European	0.0059	0.966	allelic	13365	2742	6662	3961	0.5456	0.794837262	0.296371119	305812	60876	150928	94008	0.5542	0.800936523	0.307404549	0.9425	0.99
41202#I839#Varicose veins of lower extremities without ulcer or inflammation	Chapter IX Diseases of the circulatory system	European	0.005	0.9644	allelic	12617	2595	6296	3726	0.5448	0.794325117	0.295315844	300562	60097	148029	92436	0.5538	0.800051237	0.307543868	0.9403	0.9891
41202#I87#Other disorders of veins	Chapter IX Diseases of the circulatory system	European	0.0099	0.8378	allelic	429	107	206	116	0.5105	0.750582751	0.27039627	302188	60041	149150	92997	0.5545	0.801312428	0.307745509	0.7327	0.9578
41202#I88#Nonspecific lymphadenitis	Chapter IX Diseases of the circulatory system	European	0.0082	1.4108	allelic	128	16	61	51	0.6367	0.875	0.3984375	347670	69329	171443	106898	0.554	0.80058964	0.307469727	1.0936	1.8202
42013#Source of subarachnoid haemorrhage report	Chapter IX Diseases of the circulatory system	European	0.0001488	1.1394	allelic	1741	304	835	602	0.5856	0.825387708	0.345778288	404174	80790	199258	124126	0.5536	0.800110843	0.307110304	1.0649	1.219
6150#4#High blood pressure	Chapter IX Diseases of the circulatory system	European	6.54E-11	0.9688	allelic	123314	25274	60884	37156	0.5482	0.795043547	0.301312098	280158	55431	137904	86823	0.556	0.80214379	0.309907267	0.9596	0.978
Union#Block I10-I15#I10-I15 Hypertensive diseases	Chapter IX Diseases of the circulatory system	European	2.47E-06	0.9755	allelic	145346	29633	71739	43974	0.5493	0.79612098	0.302547026	145635	28873	71730	45032	0.5555	0.801744086	0.309211385	0.9654	0.9856
Union#Block I70-I79#I70-I79 Diseases of arteries arterioles and capillaries	Chapter IX Diseases of the circulatory system	European	0.0003248	0.9615	allelic	19614	4075	9643	5896	0.5464	0.792240237	0.300601611	128115	25373	62989	39753	0.5561	0.801951372	0.310291535	0.9412	0.9823
Union#Chapter IX#Chapter IX Diseases of the circulatory system	Chapter IX Diseases of the circulatory system	European	0.0038	0.9863	allelic	217257	43640	107250	66367	0.5523	0.799131904	0.305476924	150168	29694	74046	46428	0.5557	0.802261467	0.309173725	0.9771	0.9956
Union#I10#Essential (primary) hypertension	Chapter IX Diseases of the circulatory system	European	7.98E-06	0.9781	allelic	188004	38182	92723	57099	0.5503	0.796908576	0.303711623	147627	29190	72780	45657	0.5558	0.802271942	0.309272694	0.9687	0.9877
Union#I27#Other pulmonary heart diseases	Chapter IX Diseases of the circulatory system	European	0.0022	0.9236	allelic	3057	681	1478	898	0.5355	0.777232581	0.293752044	144615	28637	71375	44603	0.5552	0.801977665	0.30842582	0.8778	0.9717
Union#I36#Nonrheumatic tricuspid valve disorders	Chapter IX Diseases of the circulatory system	European	0.0048	0.8559	allelic	666	146	351	169	0.5173	0.780780781	0.253753754	142463	28112	70297	44054	0.556	0.802671571	0.309231169	0.7685	0.9532
Union#I361#Nonrheumatic tricuspid (valve) insufficiency	Chapter IX Diseases of the circulatory system	European	0.0015	0.8342	allelic	623	140	330	153	0.5104	0.775280899	0.245585875	142791	28215	70503	44073	0.5555	0.802403513	0.308653907	0.7463	0.9324
Union#I50#Heart failure	Chapter IX Diseases of the circulatory system	European	0.0078	0.971	allelic	19276	3942	9527	5807	0.5484	0.795496991	0.301255447	120211	23787	59259	37165	0.5556	0.802122934	0.309164719	0.9503	0.9923
Union#I500#Congestive heart failure	Chapter IX Diseases of the circulatory system	European	0.0005111	0.9449	allelic	8078	1720	3969	2389	0.5414	0.787076009	0.29574152	120346	23742	59514	37090	0.5555	0.802718827	0.308194705	0.9151	0.9755
Union#I60#Subarachnoid haemorrhage	Chapter IX Diseases of the circulatory system	European	0.0046	1.0976	allelic	1924	353	917	654	0.5782	0.816528067	0.33991684	192908	38240	95069	59599	0.5554	0.801770792	0.30895038	1.0293	1.1705
Union#I70#Atherosclerosis	Chapter IX Diseases of the circulatory system	European	4.25E-06	0.9012	allelic	4087	922	1997	1168	0.5301	0.774406655	0.285784194	114461	22529	56606	35326	0.5559	0.803173133	0.30862914	0.8622	0.9419
Union#I702#Atherosclerosis of arteries of extremities	Chapter IX Diseases of the circulatory system	European	0.0033	0.9104	allelic	2007	452	971	584	0.5329	0.774788241	0.290981565	103490	20421	51022	32047	0.5562	0.802676587	0.309662769	0.8551	0.9692
Union#I7020#Atherosclerosis of arteries of extremities without gangrene	Chapter IX Diseases of the circulatory system	European	0.0024	0.8886	allelic	1352	312	658	382	0.5259	0.769230769	0.282544379	104749	20727	51731	32291	0.5552	0.802126989	0.308270246	0.8236	0.9588
Union#I708#Atherosclerosis of other arteries	Chapter IX Diseases of the circulatory system	European	0.0037	0.8181	allelic	427	109	204	114	0.5059	0.744730679	0.266978923	120292	23762	59337	37193	0.5558	0.802464004	0.309189306	0.7152	0.9357
Union#I7080#Atherosclerosis of other arteries without gangrene	Chapter IX Diseases of the circulatory system	European	0.0085	0.8096	allelic	320	85	148	87	0.5031	0.734375	0.271875	118281	23401	58306	36574	0.5557	0.802157574	0.309212807	0.6933	0.9455
Union#I709#Generalized and unspecified atherosclerosis	Chapter IX Diseases of the circulatory system	European	0.0029	0.8094	allelic	404	104	193	107	0.5037	0.742574257	0.264851485	109167	21530	53807	33830	0.5563	0.802779228	0.309892184	0.705	0.9293
Union#I739#Peripheral vascular disease unspecified	Chapter IX Diseases of the circulatory system	European	0.0088	0.9541	allelic	6662	1388	3300	1974	0.544	0.791654158	0.296307415	113644	22409	56184	35051	0.5556	0.802814051	0.308428074	0.9212	0.9881
Union#I771#Stricture of artery	Chapter IX Diseases of the circulatory system	European	0.0088	0.9159	allelic	1827	395	911	521	0.5345	0.783798577	0.28516694	111555	21959	55085	34511	0.5563	0.803155394	0.309363094	0.8578	0.9779
Union#I80#Phlebitis and thrombophlebitis	Chapter IX Diseases of the circulatory system	European	0.0058	0.9703	allelic	18729	3844	9250	5635	0.5478	0.794756794	0.300870308	173870	34461	85725	53684	0.5553	0.801800196	0.308759418	0.9497	0.9913
Union#I82#Other venous embolism and thrombosis	Chapter IX Diseases of the circulatory system	European	0.0014	0.9594	allelic	12903	2655	6428	3820	0.5451	0.794233899	0.296055181	183438	36344	90427	56667	0.5554	0.801873112	0.308916364	0.9354	0.9841
Union#I83#Varicose veins of lower extremities	Chapter IX Diseases of the circulatory system	European	0.00004045	0.9611	allelic	24475	5049	12157	7269	0.5454	0.793707865	0.296996936	186985	37102	92147	57736	0.5552	0.801577667	0.308773431	0.9431	0.9794
Union#I839#Varicose veins of lower extremities without ulcer or inflammation	Chapter IX Diseases of the circulatory system	European	0.000634	0.9605	allelic	15878	3267	7909	4702	0.5452	0.794243608	0.296133014	178600	35475	87950	55175	0.5552	0.801371781	0.308930571	0.9387	0.9829
22502#Cough on most days	Chapter X Diseases of the respiratory system	European	0.0094	1.0324	allelic	15730	3053	7738	4939	0.5599	0.80591227	0.313986014	91879	18525	45260	28094	0.5521	0.798376125	0.305771722	1.0078	1.0576
41202#J219#Acute bronchiolitis unspecified	Chapter X Diseases of the respiratory system	European	0.0093	1.9952	allelic	33	1	17	15	0.7121	0.96969697	0.454545455	404994	80981	199674	124339	0.5535	0.800043951	0.307014425	1.1711	3.3995
Union#J42#Unspecified chronic bronchitis	Chapter X Diseases of the respiratory system	European	0.0011	0.9019	allelic	2034	468	981	585	0.5288	0.769911504	0.287610619	213304	42416	105269	65619	0.5544	0.801147658	0.307631362	0.8478	0.9595
131675#Source of report of K80 (Cholelithiasis)	Chapter XI Diseases of the digestive system	European	0.0042	1.0238	allelic	32868	6455	16104	10309	0.5586	0.803608373	0.313648534	331547	66402	163725	101420	0.5528	0.799720703	0.305899314	1.0075	1.0405
131683#Source of report of K85 (Acute pancreatitis)	Chapter XI Diseases of the digestive system	European	0.0009264	1.0724	allelic	4626	864	2244	1518	0.5707	0.813229572	0.328145266	424456	84848	209360	130248	0.5535	0.800101777	0.306858661	1.0289	1.1177
20002#1154#irritable bowel syndrome	Chapter XI Diseases of the digestive system	European	0.0072	1.0382	allelic	10797	2076	5321	3400	0.5613	0.807724368	0.314902288	274942	55308	135704	83930	0.5521	0.798837573	0.305264383	1.0102	1.0671
40001#K76#Other diseases of liver	Chapter XI Diseases of the digestive system	European	0.0056	0.6175	allelic	68	23	31	14	0.4338	0.661764706	0.205882353	328875	65711	162092	101072	0.5538	0.800194603	0.307326492	0.4399	0.8668
40001#K760#Fatty (change of) liver not elsewhere classified	Chapter XI Diseases of the digestive system	European	0.0018	0.5075	allelic	44	18	18	8	0.3864	0.590909091	0.181818182	455679	91000	224745	139934	0.5537	0.800298017	0.307088981	0.3304	0.7795
41202#Block K80-K87#K80-K87 Disorders of gallbladder biliary tract and pancreas	Chapter XI Diseases of the digestive system	European	0.0001025	1.036	allelic	27688	5364	13539	8785	0.5618	0.806269864	0.317285467	217796	43509	107665	66622	0.5531	0.800230491	0.305891752	1.0177	1.0546
41202#K118#Other diseases of salivary glands	Chapter XI Diseases of the digestive system	European	0.0065	0.7439	allelic	171	44	90	37	0.4795	0.742690058	0.216374269	253748	50644	125415	77689	0.5533	0.800416161	0.30616596	0.6016	0.9197
41202#K226#Gastro-oesophageal laceration-haemorrhage syndrome	Chapter XI Diseases of the digestive system	European	0.0095	0.8162	allelic	328	85	156	87	0.503	0.740853659	0.265243902	179454	35768	88671	55015	0.5536	0.800684298	0.306568814	0.7002	0.9513
41202#K350#Acute appendicitis with generalised peritonitis	Chapter XI Diseases of the digestive system	European	0.0016	1.1799	allelic	756	127	360	269	0.5939	0.832010582	0.355820106	220315	43972	108807	67536	0.5535	0.800413045	0.306542904	1.0646	1.3077
41202#K43#Ventral hernia	Chapter XI Diseases of the digestive system	European	0.0042	0.9423	allelic	4766	999	2396	1371	0.539	0.790390264	0.28766261	231925	46249	114490	71186	0.5538	0.800586396	0.306935432	0.9047	0.9814
41202#K80#Cholelithiasis	Chapter XI Diseases of the digestive system	European	0.0046	1.0298	allelic	20885	4085	10174	6626	0.5608	0.804405075	0.317261192	206018	41024	101888	63106	0.5536	0.800871768	0.306313041	1.0091	1.0509
Union#Block K80-K87#K80-K87 Disorders of gallbladder biliary tract and pancreas	Chapter XI Diseases of the digestive system	European	0.0038	1.0251	allelic	34377	6747	16853	10777	0.5586	0.803735055	0.313494488	146617	29279	72663	44675	0.5525	0.80030283	0.304705457	1.0081	1.0423
Union#K290#Acute haemorrhagic gastritis	Chapter XI Diseases of the digestive system	European	0.0077	1.1532	allelic	731	137	329	265	0.5876	0.812585499	0.3625171	165240	32962	81921	50357	0.5526	0.800520455	0.304750666	1.0389	1.28
Union#K314#Gastric diverticulum	Chapter XI Diseases of the digestive system	European	0.0026	0.7571	allelic	237	60	125	52	0.4831	0.746835443	0.219409283	142921	28495	70926	43500	0.5525	0.800624121	0.304363949	0.6322	0.9067
Union#K350#Acute appendicitis with generalised peritonitis	Chapter XI Diseases of the digestive system	European	0.0015	1.1779	allelic	780	133	369	278	0.5929	0.829487179	0.356410256	142598	28432	70643	43523	0.5529	0.800614314	0.305214659	1.0644	1.3034
Union#K634#Enteroptosis	Chapter XI Diseases of the digestive system	European	0.0038	0.6768	allelic	112	34	54	24	0.4554	0.696428571	0.214285714	165240	32962	81921	50357	0.5526	0.800520455	0.304750666	0.5203	0.8805
Union#K80#Cholelithiasis	Chapter XI Diseases of the digestive system	European	0.0059	1.0243	allelic	33152	6505	16239	10408	0.5589	0.803782577	0.313947876	135085	26900	66985	41200	0.5529	0.800866121	0.304993152	1.007	1.042
Union#K805#Calculus of bile duct without cholangitis or cholecystitis	Chapter XI Diseases of the digestive system	European	0.0079	1.0582	allelic	4625	866	2279	1480	0.5664	0.812756757	0.32	146232	29213	72472	44547	0.5524	0.800228404	0.304632365	1.0149	1.1034
Union#K85#Acute pancreatitis	Chapter XI Diseases of the digestive system	European	0.0003043	1.0799	allelic	4650	866	2255	1529	0.5713	0.813763441	0.328817204	148394	29633	73584	45177	0.5524	0.800308638	0.304439533	1.0358	1.1259
Union#K851#Biliary acute pancreatitis	Chapter XI Diseases of the digestive system	European	0.0093	1.1333	allelic	894	167	411	316	0.5833	0.813199105	0.353467562	165240	32962	81921	50357	0.5526	0.800520455	0.304750666	1.0314	1.2453
131703#Source of report of L03 (Cellulitis)	Chapter XII Diseases of the skin and subcutaneous tissue	European	0.0009976	0.9729	allelic	31578	6400	15776	9402	0.5475	0.797327253	0.297738932	378476	75458	186444	116574	0.5543	0.800626724	0.308008962	0.9572	0.9889
131743#Source of report of L40 (Psoriasis)	Chapter XII Diseases of the skin and subcutaneous tissue	European	0.001	1.0401	allelic	14761	2878	7139	4744	0.5632	0.80502676	0.32138744	405199	80963	199905	124331	0.5535	0.800189536	0.306839355	1.016	1.0647
20002#1453#psoriasis	Chapter XII Diseases of the skin and subcutaneous tissue	European	0.008	1.0542	allelic	5234	995	2543	1696	0.567	0.809896828	0.324035155	374794	74778	184781	115235	0.554	0.800482398	0.307462233	1.0139	1.096
20002#1548#acne|acne vulgaris	Chapter XII Diseases of the skin and subcutaneous tissue	European	0.0028	0.7698	allelic	262	66	136	60	0.4885	0.748091603	0.229007634	434323	86738	214171	133414	0.5537	0.800291488	0.307176917	0.6486	0.9137
40001#Block L00-L08#L00-L08 Infections of the skin and subcutaneous tissue	Chapter XII Diseases of the skin and subcutaneous tissue	European	0.0088	1.8601	allelic	43	6	14	23	0.6977	0.860465116	0.534883721	458855	91635	226313	140907	0.5537	0.80029639	0.307083937	1.174	2.9472
41202#Block L00-L08#L00-L08 Infections of the skin and subcutaneous tissue	Chapter XII Diseases of the skin and subcutaneous tissue	European	0.0083	0.9687	allelic	14594	2960	7315	4319	0.5466	0.797176922	0.295943538	328814	65500	162027	101287	0.5544	0.800799236	0.308037371	0.9462	0.9918
41202#L03#Cellulitis	Chapter XII Diseases of the skin and subcutaneous tissue	European	0.0046	0.9598	allelic	9971	2026	5043	2902	0.5439	0.796810751	0.291044028	324776	64837	159971	99968	0.5541	0.800363943	0.307805996	0.933	0.9873
41202#L031#Cellulitis of other parts of limb	Chapter XII Diseases of the skin and subcutaneous tissue	European	0.0028	0.9534	allelic	8132	1668	4105	2359	0.5425	0.794884407	0.290088539	308154	61430	151831	94893	0.5543	0.800651622	0.307940186	0.9241	0.9837
Union#Block L00-L08#L00-L08 Infections of the skin and subcutaneous tissue	Chapter XII Diseases of the skin and subcutaneous tissue	European	0.0019	0.9689	allelic	21493	4356	10751	6386	0.5472	0.797329363	0.297119993	220819	43867	108777	68175	0.555	0.801344087	0.30873702	0.9498	0.9884
Union#L03#Cellulitis	Chapter XII Diseases of the skin and subcutaneous tissue	European	0.00083	0.972	allelic	31734	6432	15851	9451	0.5476	0.797315182	0.297819374	241057	47980	118777	74300	0.5546	0.800959939	0.308225855	0.956	0.9883
Union#L031#Cellulitis of other parts of limb	Chapter XII Diseases of the skin and subcutaneous tissue	European	0.0002541	0.9523	allelic	11960	2458	6030	3472	0.5424	0.794481605	0.290301003	208595	41523	102813	64259	0.5545	0.80093962	0.308056281	0.9277	0.9775
Union#L309#Dermatitis unspecified	Chapter XII Diseases of the skin and subcutaneous tissue	European	0.0046	0.9419	allelic	4636	985	2297	1354	0.5398	0.787532355	0.292062123	249935	49739	123155	77041	0.5546	0.800992258	0.308244143	0.9039	0.9816
Union#L40#Psoriasis	Chapter XII Diseases of the skin and subcutaneous tissue	European	0.0054	1.0341	allelic	14824	2892	7166	4766	0.5632	0.804910955	0.321505666	246777	48973	121716	76088	0.5549	0.801549577	0.308326951	1.01	1.0588
Union#L700#Acne vulgaris	Chapter XII Diseases of the skin and subcutaneous tissue	European	0.0008296	0.7699	allelic	328	82	171	75	0.4893	0.75	0.228658537	268786	53495	132510	82781	0.5545	0.800975497	0.30798107	0.6606	0.8974
131845#Source of report of M02 (Reactive arthropathies)	Chapter XIII Diseases of the musculoskeletal system and connective tissue	European	0.0084	1.2614	allelic	272	45	122	105	0.6103	0.834558824	0.386029412	329357	65747	162383	101227	0.5539	0.800377706	0.307347346	1.0617	1.4988
131869#Source of report of M15 (Polyarthrosis)	Chapter XIII Diseases of the musculoskeletal system and connective tissue	European	0.004	0.9669	allelic	15443	3200	7651	4592	0.5451	0.792786376	0.297351551	356551	71346	175777	109428	0.5534	0.799899594	0.306907006	0.945	0.9893
131871#Source of report of M16 (Coxarthrosis [arthrosis of hip])	Chapter XIII Diseases of the musculoskeletal system and connective tissue	European	0.0004713	0.9694	allelic	27427	5646	13588	8193	0.5464	0.794144456	0.298720239	390218	77756	192469	119993	0.5541	0.800737024	0.307502473	0.9527	0.9864
131877#Source of report of M19 (Other arthrosis)	Chapter XIII Diseases of the musculoskeletal system and connective tissue	European	0.0096	0.9859	allelic	85448	17443	41907	26098	0.5506	0.795864151	0.305425522	316890	62976	156615	97299	0.5542	0.801268579	0.307043454	0.9754	0.9965
131889#Source of report of M25 (Other joint disorders not elsewhere classified)	Chapter XIII Diseases of the musculoskeletal system and connective tissue	European	0.0002628	0.9804	allelic	85840	17502	42299	26039	0.5497	0.79610904	0.30334343	352009	69989	173583	108437	0.5546	0.801172697	0.308051783	0.9701	0.9909
131917#Source of report of M47 (Spondylosis)	Chapter XIII Diseases of the musculoskeletal system and connective tissue	European	0.0023	0.9758	allelic	34402	7027	17045	10330	0.548	0.79573862	0.30027324	384195	76627	189405	118163	0.5541	0.800551803	0.307559963	0.9607	0.9913
131941#Source of report of M66 (Spontaneous rupture of synovium and tendon)	Chapter XIII Diseases of the musculoskeletal system and connective tissue	European	0.0019	0.8911	allelic	1457	329	726	402	0.5251	0.774193548	0.275909403	400541	79997	197544	123000	0.5537	0.800277625	0.307084668	0.8285	0.9585
131961#Source of report of M79 (Other soft tissue disorders not elsewhere classified)	Chapter XIII Diseases of the musculoskeletal system and connective tissue	European	0.0052	0.9847	allelic	82677	16747	40841	25089	0.5504	0.797440643	0.303458035	340015	67658	167801	104556	0.5543	0.801014661	0.307504081	0.9741	0.9954
20002#1309#osteoporosis	Chapter XIII Diseases of the musculoskeletal system and connective tissue	European	0.0082	1.0456	allelic	7428	1375	3725	2328	0.5641	0.814889607	0.313408724	216961	43375	107145	66441	0.5532	0.800079277	0.306234761	1.0117	1.0806
40002#Block M30-M36#M30-M36 Systemic connective tissue disorders	Chapter XIII Diseases of the musculoskeletal system and connective tissue	European	0.0044	0.7082	allelic	138	39	69	30	0.4674	0.717391304	0.217391304	372841	74554	183905	114382	0.5534	0.800038086	0.30678493	0.559	0.8971
41202#Block M15-M19#M15-M19 Arthrosis	Chapter XIII Diseases of the musculoskeletal system and connective tissue	European	0.0003012	0.9763	allelic	54398	11197	26690	16511	0.5488	0.794165227	0.303522188	294851	58601	145347	90903	0.5548	0.801252158	0.308301481	0.9637	0.9891
41202#Block M45-M49#M45-M49 Spondylopathies	Chapter XIII Diseases of the musculoskeletal system and connective tissue	European	0.0000145	0.9392	allelic	9974	2128	4933	2913	0.5394	0.786645278	0.292059354	303745	60333	149732	93680	0.5549	0.80136957	0.308416599	0.913	0.9662
41202#Block M70-M79#M70-M79 Other soft tissue disorders	Chapter XIII Diseases of the musculoskeletal system and connective tissue	European	0.0024	0.9768	allelic	37953	7720	18795	11438	0.549	0.79659052	0.301372751	305302	60640	150564	94098	0.5548	0.801376997	0.308212852	0.9621	0.9917
41202#Chapter XIII#Chapter XIII Diseases of the musculoskeletal system and connective tissue	Chapter XIII Diseases of the musculoskeletal system and connective tissue	European	0.0005864	0.9843	allelic	138414	27968	68385	42061	0.5509	0.797939515	0.30387822	303027	60198	149401	93428	0.5548	0.801344435	0.308315761	0.9754	0.9932
41202#M0697#Rheumatoid arthritis unspecified Ankle and foot	Chapter XIII Diseases of the musculoskeletal system and connective tissue	European	0.0091	0.7621	allelic	186	51	89	46	0.4866	0.725806452	0.247311828	232071	46254	114380	71437	0.5543	0.800690306	0.307823899	0.6218	0.934
41202#M1391#Arthritis unspecified Shoulder region	Chapter XIII Diseases of the musculoskeletal system and connective tissue	European	0.0083	0.7724	allelic	212	52	112	48	0.4906	0.754716981	0.226415094	320691	63711	158051	98929	0.5549	0.801332123	0.308486986	0.6384	0.9344
41202#M15#Polyarthrosis	Chapter XIII Diseases of the musculoskeletal system and connective tissue	European	0.0007239	0.9324	allelic	4791	1049	2341	1401	0.5367	0.781047798	0.292423294	263176	52551	129602	81023	0.5541	0.800319938	0.307866219	0.8954	0.9709
41202#M159#Polyarthrosis unspecified	Chapter XIII Diseases of the musculoskeletal system and connective tissue	European	0.0008681	0.9299	allelic	4315	943	2112	1260	0.5367	0.781460023	0.292004635	262974	52197	129781	80996	0.5548	0.801512697	0.30800003	0.891	0.9704
41202#M16#Coxarthrosis [arthrosis of hip]	Chapter XIII Diseases of the musculoskeletal system and connective tissue	European	0.0011	0.9679	allelic	21930	4506	10859	6565	0.5469	0.794528044	0.299361605	285123	56646	140462	88015	0.555	0.801327848	0.308691337	0.9492	0.987
41202#M169#Coxarthrosis unspecified	Chapter XIII Diseases of the musculoskeletal system and connective tissue	European	0.0024	0.9664	allelic	16921	3505	8336	5080	0.5465	0.792860942	0.300218663	283936	56462	139777	87697	0.555	0.801145329	0.308861856	0.9453	0.9879
41202#M19#Other arthrosis	Chapter XIII Diseases of the musculoskeletal system and connective tissue	European	0.0031	0.9567	allelic	9326	1965	4585	2776	0.5435	0.789298735	0.297662449	271258	53970	133777	83511	0.5545	0.801038126	0.307865574	0.929	0.9851
41202#M232#Derangement of meniscus due to old tear or injury	Chapter XIII Diseases of the musculoskeletal system and connective tissue	European	0.0067	0.9664	allelic	13373	2774	6576	4023	0.5467	0.792567113	0.300830031	264291	52384	130364	81543	0.5552	0.801794234	0.30853491	0.9428	0.9905
41202#M48#Other spondylopathies	Chapter XIII Diseases of the musculoskeletal system and connective tissue	European	0.0003649	0.9312	allelic	5130	1093	2562	1475	0.5372	0.786939571	0.287524366	320691	63711	158051	98929	0.5549	0.801332123	0.308486986	0.8954	0.9683
41202#M480#Spinal stenosis	Chapter XIII Diseases of the musculoskeletal system and connective tissue	European	0.0019	0.9371	allelic	4701	993	2350	1358	0.5388	0.788768347	0.288874708	320691	63711	158051	98929	0.5549	0.801332123	0.308486986	0.8996	0.9762
41202#M4806#Spinal stenosis Lumbar region	Chapter XIII Diseases of the musculoskeletal system and connective tissue	European	0.000629	0.9212	allelic	3531	772	1743	1016	0.5346	0.781365052	0.287737185	320691	63711	158051	98929	0.5549	0.801332123	0.308486986	0.8789	0.9655
41202#M545#Low back pain	Chapter XIII Diseases of the musculoskeletal system and connective tissue	European	0.0027	0.9577	allelic	10061	2124	4930	3007	0.5439	0.788887785	0.298876851	283152	56385	139479	87288	0.5546	0.800866672	0.308272589	0.9311	0.9852
41202#M5456#Low back pain Lumbar region	Chapter XIII Diseases of the musculoskeletal system and connective tissue	European	0.0015	0.9239	allelic	3289	737	1585	967	0.535	0.775919732	0.294010337	281546	56000	138807	86739	0.5546	0.801098222	0.308081095	0.88	0.97
41202#M5494#Dorsalgia unspecified Thoracic region	Chapter XIII Diseases of the musculoskeletal system and connective tissue	European	0.0007309	0.6562	allelic	130	41	61	28	0.45	0.684615385	0.215384615	249673	49676	122888	77109	0.5549	0.801035755	0.308839963	0.5139	0.8378
41202#M66#Spontaneous rupture of synovium and tendon	Chapter XIII Diseases of the musculoskeletal system and connective tissue	European	0.0039	0.8626	allelic	766	171	396	199	0.5183	0.776762402	0.259791123	284659	56529	140278	87852	0.555	0.801415026	0.308621895	0.7802	0.9536
41202#M664#Spontaneous rupture of other tendons	Chapter XIII Diseases of the musculoskeletal system and connective tissue	European	0.008	0.7106	allelic	121	33	62	26	0.4711	0.727272727	0.214876033	223710	44057	110437	69216	0.5562	0.803062	0.309400563	0.552	0.9146
41202#M765#Patellar tendinitis	Chapter XIII Diseases of the musculoskeletal system and connective tissue	European	0.0089	1.843	allelic	43	2	22	19	0.6977	0.953488372	0.441860465	189402	37398	93403	58601	0.556	0.802546964	0.309400112	1.1632	2.9202
41202#M798#Other specified soft tissue disorders	Chapter XIII Diseases of the musculoskeletal system and connective tissue	European	0.0079	0.955	allelic	6905	1474	3356	2075	0.5435	0.786531499	0.300506879	320691	63711	158051	98929	0.5549	0.801332123	0.308486986	0.9233	0.9879
41202#M7988#Other specified soft tissue disorders Other	Chapter XIII Diseases of the musculoskeletal system and connective tissue	European	0.0033	0.6258	allelic	81	27	37	17	0.4383	0.666666667	0.209876543	320691	63711	158051	98929	0.5549	0.801332123	0.308486986	0.4588	0.8536
Union#Block M05-M14#M05-M14 Inflammatory polyarthropathies	Chapter XIII Diseases of the musculoskeletal system and connective tissue	European	0.0002448	0.973	allelic	47493	9620	23571	14302	0.5493	0.797443834	0.301139115	152248	30147	74881	47220	0.5561	0.801987547	0.310151857	0.9588	0.9873
Union#Block M15-M19#M15-M19 Arthrosis	Chapter XIII Diseases of the musculoskeletal system and connective tissue	European	0.00001036	0.9738	allelic	92617	18886	45585	28146	0.55	0.796084952	0.303896693	141120	27894	69372	43854	0.5565	0.802338435	0.310756803	0.9624	0.9854
Union#Block M20-M25#M20-M25 Other joint disorders	Chapter XIII Diseases of the musculoskeletal system and connective tissue	European	0.0083	0.9821	allelic	62145	12495	30684	18966	0.5521	0.798937968	0.305189476	142217	28102	69934	44181	0.5565	0.802400557	0.310659063	0.969	0.9953
Union#Block M45-M49#M45-M49 Spondylopathies	Chapter XIII Diseases of the musculoskeletal system and connective tissue	European	0.0001126	0.9659	allelic	30317	6214	15005	9098	0.5476	0.79503249	0.300095656	143876	28502	70716	44658	0.5561	0.801898857	0.310392282	0.949	0.983
Union#Block M50-M54#M50-M54 Other dorsopathies	Chapter XIII Diseases of the musculoskeletal system and connective tissue	European	0.0069	0.9788	allelic	41706	8413	20639	12654	0.5508	0.798278425	0.303409581	142823	28308	70174	44341	0.5561	0.801796629	0.3104612	0.9638	0.9941
Union#Block M65-M68#M65-M68 Disorders of synovium and tendon	Chapter XIII Diseases of the musculoskeletal system and connective tissue	European	0.0002691	0.9564	allelic	14979	3153	7309	4517	0.5455	0.789505307	0.301555511	136955	27058	67346	42551	0.5566	0.802431456	0.310693293	0.9337	0.9796
Union#Block M70-M79#M70-M79 Other soft tissue disorders	Chapter XIII Diseases of the musculoskeletal system and connective tissue	European	0.0001718	0.9731	allelic	51322	10412	25427	15483	0.5494	0.79712404	0.301683489	152467	30177	74991	47299	0.5561	0.802075203	0.310224508	0.9593	0.987
Union#Chapter XIII#Chapter XIII Diseases of the musculoskeletal system and connective tissue	Chapter XIII Diseases of the musculoskeletal system and connective tissue	European	0.0003215	0.9824	allelic	191930	38594	94835	58501	0.5519	0.798916272	0.304803835	146181	28930	71875	45376	0.5563	0.802094663	0.310409698	0.9729	0.9919
Union#M13#Other arthritis	Chapter XIII Diseases of the musculoskeletal system and connective tissue	European	0.0006051	0.9731	allelic	42003	8513	20821	12669	0.5495	0.797324001	0.301621313	133899	26494	65855	41550	0.5562	0.802134445	0.310308516	0.958	0.9884
Union#M139#Arthritis unspecified	Chapter XIII Diseases of the musculoskeletal system and connective tissue	European	0.0002435	0.9671	allelic	29859	6073	14856	8930	0.5478	0.796610737	0.299072307	132274	26210	65010	41054	0.5561	0.801850704	0.310370897	0.95	0.9845
Union#M15#Polyarthrosis	Chapter XIII Diseases of the musculoskeletal system and connective tissue	European	0.00009613	0.9537	allelic	15443	3200	7651	4592	0.5451	0.792786376	0.297351551	122789	24273	60296	38220	0.5568	0.802319426	0.311265667	0.9313	0.9767
Union#M159#Polyarthrosis unspecified	Chapter XIII Diseases of the musculoskeletal system and connective tissue	European	7.23E-06	0.9396	allelic	11400	2416	5650	3334	0.5403	0.788070175	0.29245614	126552	25112	62229	39211	0.5557	0.801567735	0.309841014	0.9143	0.9655
Union#M16#Coxarthrosis [arthrosis of hip]	Chapter XIII Diseases of the musculoskeletal system and connective tissue	European	0.00003789	0.962	allelic	27427	5646	13588	8193	0.5464	0.794144456	0.298720239	137856	27274	67863	42719	0.556	0.802155873	0.309881325	0.9444	0.9799
Union#M169#Coxarthrosis unspecified	Chapter XIII Diseases of the musculoskeletal system and connective tissue	European	0.000319	0.9625	allelic	20667	4272	10198	6197	0.5466	0.793293657	0.299850002	136981	27192	67248	42541	0.556	0.801490718	0.310561319	0.9427	0.9827
Union#M19#Other arthrosis	Chapter XIII Diseases of the musculoskeletal system and connective tissue	European	0.0006688	0.979	allelic	86101	17563	42229	26309	0.5508	0.796018629	0.30555975	132686	26347	65125	41214	0.556	0.801433459	0.310613026	0.9672	0.9911
Union#M232#Derangement of meniscus due to old tear or injury	Chapter XIII Diseases of the musculoskeletal system and connective tissue	European	0.0071	0.9672	allelic	14602	3005	7186	4411	0.5481	0.794206273	0.302081907	133614	26408	65727	41479	0.5564	0.802356041	0.310439026	0.944	0.9909
Union#M25#Other joint disorders not elsewhere classified	Chapter XIII Diseases of the musculoskeletal system and connective tissue	European	9.33E-06	0.9758	allelic	122281	24957	60120	37204	0.5501	0.795904515	0.304250047	144157	28563	70846	44748	0.5561	0.801861859	0.310411565	0.9653	0.9864
Union#M2534#Other instability of joint Hand	Chapter XIII Diseases of the musculoskeletal system and connective tissue	European	0.0051	0.6189	allelic	71	23	34	14	0.4366	0.676056338	0.197183099	110108	21830	54120	34158	0.556	0.80174011	0.31022269	0.4442	0.8624
Union#M348#Other forms of systemic sclerosis	Chapter XIII Diseases of the musculoskeletal system and connective tissue	European	0.0072	0.6938	allelic	113	33	55	25	0.4646	0.707964602	0.221238938	99873	19845	49057	30971	0.5557	0.801297648	0.310103832	0.5341	0.9012
Union#M349#Systemic sclerosis unspecified	Chapter XIII Diseases of the musculoskeletal system and connective tissue	European	0.0021	0.7725	allelic	287	73	146	68	0.4913	0.745644599	0.236933798	96286	19120	47339	29827	0.5556	0.801424922	0.309775045	0.6557	0.91
Union#M4186#Other forms of scoliosis Lumbar region	Chapter XIII Diseases of the musculoskeletal system and connective tissue	European	0.0097	0.7476	allelic	161	44	78	39	0.4845	0.726708075	0.242236025	107593	21187	52968	33438	0.5569	0.803081985	0.3107823	0.6008	0.9304
Union#M43#Other deforming dorsopathies	Chapter XIII Diseases of the musculoskeletal system and connective tissue	European	0.0016	0.945	allelic	6580	1389	3243	1948	0.5425	0.788905775	0.296048632	127082	25151	62425	39506	0.5565	0.802088415	0.310870147	0.9123	0.9788
Union#M47#Spondylosis	Chapter XIII Diseases of the musculoskeletal system and connective tissue	European	0.00004963	0.9659	allelic	34443	7039	17063	10341	0.5479	0.795633365	0.300235171	138161	27289	67964	42908	0.5565	0.802484058	0.31056521	0.9498	0.9822
Union#M4780#Other spondylosis Multiple sites in spine	Chapter XIII Diseases of the musculoskeletal system and connective tissue	European	0.0073	0.9003	allelic	1332	306	641	385	0.5297	0.77027027	0.289039039	133293	26442	65558	41293	0.5557	0.801624992	0.309791212	0.834	0.9719
Union#M479#Spondylosis unspecified	Chapter XIII Diseases of the musculoskeletal system and connective tissue	European	0.0072	0.9583	allelic	8620	1790	4253	2577	0.5456	0.792343387	0.298955916	133490	26415	65661	41414	0.5562	0.802120009	0.310240467	0.9291	0.9884
Union#M4799#Spondylosis unspecified Site unspecified	Chapter XIII Diseases of the musculoskeletal system and connective tissue	European	0.0069	0.8886	allelic	1075	227	563	285	0.527	0.788837209	0.265116279	126950	25073	62514	39363	0.5563	0.802497046	0.310066955	0.8162	0.9675
Union#M48#Other spondylopathies	Chapter XIII Diseases of the musculoskeletal system and connective tissue	European	0.0054	0.9681	allelic	16496	3385	8137	4974	0.5482	0.794798739	0.301527643	148780	29494	73072	46214	0.5562	0.801760989	0.310619707	0.9462	0.9904
Union#M480#Spinal stenosis	Chapter XIII Diseases of the musculoskeletal system and connective tissue	European	0.0005067	0.9501	allelic	9930	2088	4888	2954	0.5436	0.789728097	0.297482377	153937	30509	75595	47833	0.5563	0.801808532	0.310731013	0.9231	0.9779
Union#M4806#Spinal stenosis Lumbar region	Chapter XIII Diseases of the musculoskeletal system and connective tissue	European	0.00001289	0.9243	allelic	6478	1409	3182	1887	0.5369	0.782494597	0.291293609	149214	29551	73281	46382	0.5564	0.801955581	0.310842146	0.8923	0.9575
Union#M545#Low back pain	Chapter XIII Diseases of the musculoskeletal system and connective tissue	European	0.0034	0.9645	allelic	14730	3046	7248	4436	0.5472	0.793211134	0.301154107	140031	27752	68811	43468	0.5561	0.801815312	0.310416979	0.9415	0.9881
Union#M5456#Low back pain Lumbar region	Chapter XIII Diseases of the musculoskeletal system and connective tissue	European	0.0007129	0.9266	allelic	4096	896	2000	1200	0.5371	0.78125	0.29296875	137969	27296	67921	42752	0.556	0.802158456	0.309866709	0.8866	0.9683
Union#M5496#Dorsalgia unspecified Lumbar region	Chapter XIII Diseases of the musculoskeletal system and connective tissue	European	0.0075	0.8441	allelic	502	128	232	142	0.5139	0.74501992	0.282868526	141585	28039	69628	43918	0.5561	0.801963485	0.310188226	0.7457	0.9555
Union#M66#Spontaneous rupture of synovium and tendon	Chapter XIII Diseases of the musculoskeletal system and connective tissue	European	0.0008507	0.8826	allelic	1457	329	726	402	0.5251	0.774193548	0.275909403	144242	28559	70949	44734	0.5561	0.80200635	0.310131584	0.8204	0.9495
Union#M664#Spontaneous rupture of other tendons	Chapter XIII Diseases of the musculoskeletal system and connective tissue	European	0.0027	0.7195	allelic	171	47	86	38	0.4737	0.725146199	0.222222222	120469	23821	59404	37244	0.5557	0.802264483	0.309158373	0.5818	0.8898
Union#M67#Other disorders of synovium and tendon	Chapter XIII Diseases of the musculoskeletal system and connective tissue	European	0.0067	0.9634	allelic	11647	2371	5807	3469	0.5471	0.796428265	0.297844939	129598	25621	63746	40231	0.5564	0.802304048	0.310429173	0.9378	0.9897
Union#M7126#Synovial cyst of popliteal space [Baker]-Lower Leg	Chapter XIII Diseases of the musculoskeletal system and connective tissue	European	0.0003928	0.7082	allelic	216	60	109	47	0.4699	0.722222222	0.217592593	138702	27517	68164	43021	0.5559	0.801610647	0.310168563	0.5862	0.8556
Union#M75#Shoulder lesions	Chapter XIII Diseases of the musculoskeletal system and connective tissue	European	0.0005087	0.97	allelic	32019	6583	15723	9713	0.5489	0.794403323	0.303351135	148553	29371	73050	46132	0.5564	0.802286053	0.310542365	0.9535	0.9868
Union#M7797#Enthesopathy unspecified Ankle and foot	Chapter XIII Diseases of the musculoskeletal system and connective tissue	European	0.0063	0.6895	allelic	109	31	55	23	0.4633	0.71559633	0.211009174	121074	23988	59553	37533	0.5559	0.801873235	0.310000496	0.5283	0.9
Union#M79#Other soft tissue disorders not elsewhere classified	Chapter XIII Diseases of the musculoskeletal system and connective tissue	European	0.0002784	0.9776	allelic	82819	16778	40909	25132	0.5504	0.797413637	0.303456936	139553	27683	68546	43324	0.556	0.801630922	0.31044836	0.9657	0.9896
Union#M798#Other specified soft tissue disorders	Chapter XIII Diseases of the musculoskeletal system and connective tissue	European	0.0007334	0.9537	allelic	11009	2310	5416	3283	0.5442	0.790171678	0.298210555	153117	30355	75283	47479	0.5559	0.801752908	0.310083139	0.9279	0.9803
Union#M7986#Other specified soft tissue disorders Lower leg	Chapter XIII Diseases of the musculoskeletal system and connective tissue	European	0.0015	0.947	allelic	7149	1491	3556	2102	0.5427	0.791439362	0.294027137	157581	31199	77465	48917	0.5562	0.802012933	0.31042448	0.9156	0.9794
Union#M7988#Other specified soft tissue disorders Other	Chapter XIII Diseases of the musculoskeletal system and connective tissue	European	0.0049	0.7092	allelic	136	38	68	30	0.4706	0.720588235	0.220588235	157581	31199	77465	48917	0.5562	0.802012933	0.31042448	0.5589	0.9
Union#M8580#Other specified disorders of bone density and structure Multiple sites	Chapter XIII Diseases of the musculoskeletal system and connective tissue	European	0.0037	0.7552	allelic	218	62	100	56	0.4862	0.71559633	0.256880734	102390	20265	50351	31774	0.5562	0.802080281	0.310323274	0.6257	0.9114
Union#M94#Other disorders of cartilage	Chapter XIII Diseases of the musculoskeletal system and connective tissue	European	0.0071	0.9278	allelic	2661	548	1368	745	0.537	0.794062383	0.279969936	125963	25007	61948	39008	0.5556	0.801473449	0.309678239	0.8787	0.9798
41202#N209#Urinary calculus unspecified	Chapter XIV Diseases of the genitourinary system	European	0.0061	1.4521	allelic	119	11	63	45	0.6429	0.907563025	0.378151261	275615	54928	136275	84412	0.5535	0.800707509	0.306267801	1.1138	1.8931
Union#N390#Urinary tract infection site not specified	Chapter XIV Diseases of the genitourinary system	European	0.0086	1.0235	allelic	30581	5966	15013	9602	0.5594	0.804911546	0.313985808	176016	35179	86744	54093	0.5537	0.800137488	0.307318653	1.0059	1.0413
Union#N412#Abscess of prostate	Chapter XIV Diseases of the genitourinary system	European	0.0043	0.5549	allelic	49	17	24	8	0.4082	0.653061224	0.163265306	124262	24805	61195	38262	0.5541	0.800381452	0.307913924	0.3709	0.8302
41202#Block R30-R39#R30-R39 Symptoms and signs involving the urinary system	Chapter XVIII Symptoms signs and abnormal clinical and laboratory findings not elsewhere classified	European	0.0049	1.0249	allelic	30335	5913	14969	9453	0.5583	0.805076644	0.311620241	207254	41912	101766	63576	0.5523	0.797774711	0.306754031	1.0075	1.0427
41202#R19#Other symptoms and signs involving the digestive system and abdomen	Chapter XVIII Symptoms signs and abnormal clinical and laboratory findings not elsewhere classified	European	0.0046	1.0308	allelic	19081	3714	9362	6005	0.56	0.805356113	0.314710969	242238	48723	119336	74179	0.5525	0.798863102	0.306223631	1.0094	1.0527
41202#R300#Dysuria	Chapter XVIII Symptoms signs and abnormal clinical and laboratory findings not elsewhere classified	European	0.0043	1.1935	allelic	539	83	270	186	0.5955	0.846011132	0.345083488	222463	44844	109496	68123	0.5523	0.798420411	0.306221709	1.0567	1.3481
41202#R35#Polyuria	Chapter XVIII Symptoms signs and abnormal clinical and laboratory findings not elsewhere classified	European	0.0059	1.079	allelic	2726	500	1339	887	0.571	0.816581071	0.32538518	203356	41070	99958	62328	0.5523	0.798038907	0.306496981	1.0223	1.1388
41202#R52#Pain not elsewhere classified	Chapter XVIII Symptoms signs and abnormal clinical and laboratory findings not elsewhere classified	European	0.0054	1.1754	allelic	617	91	321	205	0.5924	0.852512156	0.332252836	253727	50930	125044	77753	0.5529	0.799272446	0.30644354	1.0491	1.3169
41202#R529#Pain unspecified	Chapter XVIII Symptoms signs and abnormal clinical and laboratory findings not elsewhere classified	European	0.0053	1.2869	allelic	259	35	130	94	0.6139	0.864864865	0.362934363	251392	50430	124048	76914	0.5527	0.799396958	0.305952457	1.0782	1.5361
Union#R05#Cough	Chapter XVIII Symptoms signs and abnormal clinical and laboratory findings not elsewhere classified	European	0.002	1.034	allelic	23426	4538	11561	7327	0.5595	0.806283616	0.312772134	66834	13531	32919	20384	0.5513	0.797543167	0.304994464	1.0123	1.0562
Union#R104#Other and unspecified abdominal pain	Chapter XVIII Symptoms signs and abnormal clinical and laboratory findings not elsewhere classified	European	0.0019	1.0306	allelic	29074	5693	14224	9157	0.5596	0.80418931	0.314954943	81648	16457	40223	24968	0.5521	0.798439643	0.30580051	1.0112	1.0505
Union#R19#Other symptoms and signs involving the digestive system and abdomen	Chapter XVIII Symptoms signs and abnormal clinical and laboratory findings not elsewhere classified	European	0.0085	1.0247	allelic	33096	6497	16245	10354	0.5583	0.803692289	0.312847474	83253	16779	40994	25480	0.5523	0.798457713	0.306055037	1.0062	1.0434
Union#R194#Change in bowel habit	Chapter XVIII Symptoms signs and abnormal clinical and laboratory findings not elsewhere classified	European	0.0055	1.0306	allelic	21812	4249	10703	6860	0.5599	0.805198973	0.314505777	82348	16583	40551	25214	0.5524	0.798622917	0.306188371	1.009	1.0528
Union#R30#Pain associated with micturition	Chapter XVIII Symptoms signs and abnormal clinical and laboratory findings not elsewhere classified	European	0.0066	1.0902	allelic	2100	380	1033	687	0.5731	0.819047619	0.327142857	60473	12191	29820	18462	0.5518	0.7984059	0.305293271	1.0245	1.1601
Union#R300#Dysuria	Chapter XVIII Symptoms signs and abnormal clinical and laboratory findings not elsewhere classified	European	0.0089	1.0918	allelic	1880	343	915	622	0.5742	0.817553191	0.330851064	59911	12106	29397	18408	0.5526	0.797933602	0.307255763	1.0225	1.1659
Union#R35#Polyuria	Chapter XVIII Symptoms signs and abnormal clinical and laboratory findings not elsewhere classified	European	0.0043	1.0558	allelic	6288	1178	3103	2007	0.5659	0.812659033	0.319179389	55402	11195	27191	17016	0.5525	0.797931483	0.307136926	1.0173	1.0958
Union#R39#Other symptoms and signs involving the urinary system	Chapter XVIII Symptoms signs and abnormal clinical and laboratory findings not elsewhere classified	European	0.0014	1.0569	allelic	7887	1494	3871	2522	0.5652	0.810574363	0.319766705	47838	9703	23503	14632	0.5515	0.797169614	0.30586563	1.0216	1.0934
Union#R529#Pain unspecified	Chapter XVIII Symptoms signs and abnormal clinical and laboratory findings not elsewhere classified	European	0.005	1.192	allelic	536	87	260	189	0.5951	0.837686567	0.35261194	84439	17024	41573	25842	0.5522	0.798387001	0.306043416	1.0548	1.3472
Union#Z86#Personal history of certain other diseases	Chapter XXI Factors influencing health status and contact with health services	European	0.0041	0.984	allelic	119224	24089	58793	36342	0.5514	0.797951755	0.304821177	136870	27097	67516	42257	0.5554	0.802023818	0.308738219	0.9732	0.9949